ws_id,subws_id,Area,precip_mn,PET_mn,AET_mn,wyield_mn,wyield_vol
"0","0",15202.23214940000,800.35173947702,1554.49113987260,409.42514717930,390.89428766148,5942465706.91970443726
